title,product_type,handle,variant_count
Sunflower Dangle Earrings,Dangle,sunflower-dangle-earrings,2
Autumn in the Air Dangle Earrings,Dangle Earrings,autumn-in-the-air-dangle-earrings,1
Autumn Joy Cross Dangle Earrings,Dangle Earrings,joy-cross-dangle-earrings,4
Autumn Lace Dangle Earrings,Dangle Earrings,autumn-lace-wooden-fall-leaf-earrings,5
Back to School,Dangle Earrings,back-to-school,1
Baseball/Softball Earrings,Dangle Earrings,baseball-earrings,6
Basketball Dangle Earrings,Dangle Earrings,basketball-drop-earrings,1
Batty for Halloween Dangle Earrings,Dangle Earrings,batty-for-halloween-dangle-earrings,1
Bee Dangle Earrings,Dangle Earrings,bee-dangle-earrings-1,1
Boho Chicken Earrings,Dangle Earrings,boho-chicken-earrings,1
Boho Earrings,Dangle Earrings,boho-earrings,1
Boho Geometric Earrings,Dangle Earrings,boho-geometric-earrings,7
Bone and Paw Dangle Earrings,Dangle Earrings,bone-and-paw-dangle-earrings,1
Bow Dangle Earrings,Dangle Earrings,christmas-bow-earrings,7
Buck Deer Dangle Earrings,Dangle Earrings,buck-deer-earrings,1
Bunny Floral Dangle Earrings,Dangle Earrings,bunny-floral-dangle-earrings,2
Butterfly Garden BLU/YEL Dangle,Dangle Earrings,butterfly-garden-blu-yel-dangle,1
Butterfly Garden PK/YEL Dangles,Dangle Earrings,butterfly-garden-pk-yel-dangles,1
Butterfly Garden Pur/Yel Dangles,Dangle Earrings,butterfly-garden-pur-yel-dangles,1
Butterfly Meadow Dangles,Dangle Earrings,butterfly-meadow-dangles,1
Butterfly One Line Earrings,Dangle Earrings,butterfly-one-line-earrings,1
Butterfly Wing Earrings,Dangle Earrings,butterfly-wing-earrings,1
Butterfly Wings,Dangle Earrings,butterfly-wings,2
Chamomile Flower Earrings,Dangle Earrings,chamomile-flower-earrings,1
Chicken Earrings,Dangle Earrings,chicken-earrings,3
Chicken Rustic Earring,Dangle Earrings,chicken-rustic-earring,1
Christmas Ball Earrings,Dangle Earrings,christmas-ball-earrings,1
Christmas Gnomes Dangle Earrings,Dangle Earrings,christmas-gnomes,2
Christmas Tree Dangle Earrings,Dangle Earrings,christmas-tree-earrings,1
Christmas Tree with Lights Dangle Earrings,Dangle Earrings,christmas-tree-with-lights-dangle-earrings,3
Christmas Wreath Dangle Earrings,Dangle Earrings,christmas-wreath-dangle-earrings,1
Cowboy Boot Earrings,Dangle Earrings,cowboy-boot-earrings,2
Cowgirl Flower Garden Dangles,Dangle Earrings,cowgirl-garden-dangles,2
Daffodil Dangle Earrings,Dangle Earrings,daffodil-dangle-earrings,1
Dainty Cross Laser Engraved Earrings,Dangle Earrings,dainty-cross-laser-engraved-earrings,1
Dainty Fanned Hoop,Dangle Earrings,dainty-fanned-hoop,1
Daisy  Dangle Earrings,Dangle Earrings,daisy-drop-earrings,3
Daisy Floral Geometric Dangle Earrings,Dangle Earrings,daisy-floral-geometric-dangle-earrings,1
Daisy Simple Earrings,Dangle Earrings,daisy-simple-earrings,1
Daisy Teardrop Trio Earrings,Dangle Earrings,flower-teardrop-earrings-red-white-and-blue,1
Dangling Spiral Earrings,Dangle Earrings,dangling-spiral-earrings,1
Deer winter Scene Earrings,Dangle Earrings,deer-winter-scene-earrings-1,1
Diamond Center Cut Dangle Earrings,Dangle Earrings,diamond-center-cuts,1
Diamond Engraved Scalloped Dangle Earrings,Dangle Earrings,diamond-scalloped-dangle-earrings,1
Dog Cat Earrings,Dangle Earrings,dog-cat-earrings,1
Dog with Heart Earrings,Dangle Earrings,dog-with-heart-earrings,1
Double Butterfly Dangle Earrings,Dangle Earrings,double-butterfly-dangle-earrings,1
Duckin' Cool BRT Yellow Dangles,Dangle Earrings,duckin-cool-brt-yellow-dangles,1
Dunkin' Cool DK Yellow Dangles,Dangle Earrings,dunkin-cool-dk-yellow-dangles,1
Falling for Fall Dangle Earrings,Dangle Earrings,falling-for-fall-dangle-earrings,1
Falling Leaves Dangle Earrings,Dangle Earrings,falling-leaves-dangle-earrings,1
Fanned Hoop,Dangle Earrings,fanned-hoop,1
Fetching Circle Earrings,Dangle Earrings,fetching-circle-earrings,1
Fish Tank Wood Earrings,Dangle Earrings,fish-tank-wood-earrings,1
Flaming Dangle Earrings,Dangle Earrings,flamingo-earrings,1
Flip Flop Dangle Earrings,Dangle Earrings,flip-flop-dangle-earrings,1
Floral Footballs,Dangle Earrings,floral-footballs,1
Floral Ghost Dangle Earrings,Dangle Earrings,floral-ghost-dangle-earrings,1
Flower Power Dangle Earrings,Dangle Earrings,flower-power-dangle-earrings,1
Frankie Faces Halloween Dangle Earrings,Dangle Earrings,frankie-faces-halloween-dangle-earrings,1
Game Day Football Dangle Earrings,Dangle Earrings,game-day-football-dangle-earrings,1
Giraffe Dangle Earrings,Dangle Earrings,giraffe-dangle-earrings,1
Got Milk? Dangles,Dangle Earrings,got-milk,1
Green Monster/Green Guy with Ornament Dangle Earrings,Dangle Earrings,grinch-with-ornament-dangle-earrings,1
Grinch Holding Ornament Dangle Earrings,Dangle Earrings,green-monster-holding-ornament-dangle-earrings,2
Highland Cow Dangle Earrings,Dangle Earrings,highland-cow-dangle-earrings,1
Holly Berry Dangle Earrings,Dangle Earrings,holly-berry-dangle-earrings,1
Honey Bee and Comb Dangle Earrings,Dangle Earrings,honey-comb-with-honey-bee-hanging-earrings,1
Honeycomb Bloom Dangles,Dangle Earrings,honeycomb-bee-dangle-earrings,1
Horse Dangle Earrings,Dangle Earrings,horse-drop-earrings,1
Hummingbird Dangle Earrings,Dangle Earrings,hummingbird-earrings,1
Inlaid Lotus Flower Dangle Earrings,Dangle Earrings,inlaid-lotus-flower-dangle-earrings,1
Intersecting Heart Dangle Earrings,Dangle Earrings,intersecting-heart-dangle-earrings,1
Kayak Wood Earrings,Dangle Earrings,kayak-wood-earrings,1
Kettlebell Dangle Earrings,Dangle Earrings,kettlebell-dangle-earrings,2
Long Tail Bow Dangle Earrings,Dangle Earrings,long-tail-bow-dangle-earrings,1
Lovebird Teardrops,Dangle Earrings,lovebird-teardrops,1
Mallard Duck Dangle Earrings,Dangle Earrings,mallard-duck-dangle-earrings,1
Mandala Sunflower Wood Dangle Earrings,Dangle Earrings,mandala-sunflower-wood-dangle-earrings,1
Manger Scene Dangle Earrings,Dangle Earrings,manger-scene-drop-earrings,1
Monstera Dangle Earrings,Dangle Earrings,monstera-dangle-earrings,1
Monstera Leaf Earrings,Dangle Earrings,monstera-leaf-earrings,1
Moo Cow Earrings,Dangle Earrings,moo-cow-earrings,2
Nativity Oval Shaped Dangle Earrings,Dangle Earrings,nativity-oval-shaped-dangle-earrings,1
Nativity Tear Drop Dangle Earrings,Dangle Earrings,nativity-tear-drop-dangle-earrings,1
Nurse Stethascope Dangle Earrings,Dangle Earrings,nurse-stethascope-dangle-earrings,1
Ocean In A Jar Dangle Earrings,Dangle Earrings,ocean-in-a-jar-dangle-earrings,1
Ocean Wave Seagull Earrings,Dangle Earrings,ocean-wave-seagull-earrings,2
Ocean Waves Teardrop,Dangle Earrings,ocean-waves-teardrop,1
Octopus Dangle Earrings,Dangle Earrings,octopus-dangle-earrings,1
Off Road Jeeper Wood Earrings,Dangle Earrings,off-road-jeep-wood-earrings,1
Owl Dangle Earrings,Dangle Earrings,owl-dangle-earrings,1
Painted Pumpkin Dangle Earrings,Dangle Earrings,painted-pumpkin-dangle-earrings,1
Patina Dangle Earrings,Dangle Earrings,patina-dangle-earrings,1
Pine Cone Dangle earrings,Dangle Earrings,laser-cut-xlarge-baltic-birch-pine-cone-pendant-earrings,1
Pirate Medallion Dangle Earrings,Dangle Earrings,pirate-medallion-dangle-earrings,2
Pirate Pride Dangle Earrings,Dangle Earrings,pirate-pride-dangle-earrings,1
Pirate Skull & Cross Bone Earrings,Dangle Earrings,pirate-skull-crossbones-earrings,2
Portrait of a Sunflower,Dangle Earrings,portrait-of-a-sunflower-earrings,1
Pumpkin and Leaves Dangle Earrings,Dangle Earrings,pumpkin-and-leaves-dangle-earrings,1
Pumpkin Earrings,Dangle Earrings,pumpkin-earrings,1
Reindeer Dangle Earrings,Dangle Earrings,reindeer-dangle-earrings,1
Rose Silhouette Dangle Earrings,Dangle Earrings,rose-silhouette,2
Rose Teardrop Earring,Dangle Earrings,rose-teardrop-earring,1
Round Circle Hoop Earrings,Dangle Earrings,round-circle-hoop-earrings,1
Roundabout Dangle Earrings,Dangle Earrings,roundabout-dangle-earrings,1
Royal Elegant Dangle Earring,Dangle Earrings,royal-elegant-dangle-earring,2
Rudolph Earrings Dangle Earrings,Dangle Earrings,rudolph-earrings,1
Rustic American Flag Earrings,Dangle Earrings,rustic-american-flag-earrings,1
Rustic Bunny Love Dangles,Dangle Earrings,rustic-bunny-love-dangles,3
Rustic Halo Hoop Earrings,Dangle Earrings,tribal-pattern-earrings,4
Santa Claus Dangle Earrings,Dangle Earrings,santa-claus-dangle-earrings,1
Sea Glass Sea Turtle Wooden Dangle Earrings,Dangle Earrings,turtle-dangle-earrings,2
Shamrock Dangle Earrings,Dangle Earrings,shamrock-dangle-earrings,1
Snowflake Earrings,Dangle Earrings,snowflake-earrings,1
Snowman Dangling Earrings,Dangle Earrings,snowman-dangling-earrings,1
Spiderweb hanging earrings,Dangle Earrings,spiderweb-hanging-earrings,1
Spotted Cow Earrings,Dangle Earrings,spotted-cow-earrings,2
Stained Glass Rounded Diamond Shaped Earring,Dangle Earrings,stained-glass-rounded-diamond-shaped-earring,1
Striped Dangle Earring,Dangle Earrings,striped-dangle-earring,1
The Lady Bug Dangle Earrings,Dangle Earrings,the-lady-bug,1
Three Crosses,Dangle Earrings,crosses,1
Tigers Eye hieroglyphic Collection,Dangle Earrings,tigers-eye-hieroglyphic-collection,2
Tree of Life Dangle Earrings,Dangle Earrings,tree-of-life-dangle-earrings,1
Turkey Dangle Earrings,Dangle Earrings,turkey-dangle-earrings,1
Vintage 80’s Dangle Earrings,Dangle Earrings,triangle-80-s-dangle-earrings,1
Vintage Bloom Collection,Dangle Earrings,heirloom-lily-dangle,3
Volley Ball Bow Dangle Earrings,Dangle Earrings,volley-ball-bow-dangle-earrings,1
Whimsy Fish Dangles,Dangle Earrings,whimsy-fish-dangles,2
Whirligig Mnt Green/White Dangles,Dangle Earrings,whirligig-mnt-green-white-dangles,1
Whirligig YELLOW Dangle Earrings,Dangle Earrings,whirligig-dangle-earrings,1
Wild Wings Wooden Duck Earrings,Dangle Earrings,wild-wings-wooden-duck-earrings,1
Wildflower Hearts Dangle Earrings,Dangle Earrings,wildflower-hearts-dangle-earrings,3
Wildflower Loop Dangle Earrings,Dangle Earrings,wildflower-loop-dangle-earrings,1
Wine Bottle Earrings,Dangle Earrings,wine-bobble-earrings,1
Wolf Hand Earrings,Dangle Earrings,wolf-hand-earrings,1
Wood Grain Dangle Earrings,Dangle Earrings,wood-grain-dangle-earrings,1
Butterfly Dangle Earrings,Drop Earrings,butterfly,1
Floral Wood Earrings,Drop Earrings,floral-wood-earrings,1
Flowered Hoops with Macrame Tassels,Drop Earrings,flowered-hoops-with-macrame-tassels,2
Geometric Diamond Square Drop Earring,Drop Earrings,geometric-diamond-square-drop-earring,1
Sand Dollar Earrings,Drop Earrings,sand-dollar-earrings,1
Scalloped Bursts,Drop Earrings,scalloped-bursts,3
Seahorse Medallion Earrings,Drop Earrings,seahorse-medallion-earrings,1
Swirl Drop Hoop,Drop Earrings,swirl-drop-hoop,1
Western Cactus,Drop Earrings,western-cactus,1
Wing Scroll Earrings,Drop Earrings,simple-wing-scroll-earrings,1
Wood Mandala earrings,Drop Earrings,wood-mandala-earrings,1
Carolina Crab Dangle Earrings,Earrings,carolina-crab-dangle-earrings,1
Christmas Tree Nativity Earrings,Earrings,christmas-tree-nativity-earrings,1
Peeps Bunny Studs,Earrings,peeps-bunny-studs,3
Pretty Little Pumpkin Dangle Earrings,Earrings,pretty-little-pumpkin-earrings,3
Healing Hearts Hair Claw | Engraved Stethoscope Claw Clip,Hair Accessories,healing-hearts-nurse-hair-claw,1
Autumn Leaf Claw Clip,Hair Claw,autumn-leaf-claw-clip,1
Baa-d Hair Day Sheep Hair Claw,Hair Claw,baa-d-hair-day-hair-claw,4
Baseball Blooms Hair Claw,Hair Claw,baseball-blooms-hair-claw,3
Baseball/Softball Hair Claw,Hair Claw,baseball-softball-hair-claw,48
Boho Gecko Hair Claw,Hair Claw,boho-gecko-hair-claw,2
Boho Tribal Hair Claw,Hair Claw,boho-tribal-triangle-pattern-hair-claw-clip,24
"Boxer Love Hair Claw 4""",Hair Claw,boxer-love-boxer-dog-hair-claw,1
Brush. Floss. Repeat. Dental Hygienist Hair Claw,Hair Claw,brush-floss-repeat-dental-hygienist-hair-claw,1
Butterfly Hair Claw,Hair Claw,butterfly-hair-claw,36
Chicken Chick Hair Claw,Hair Claw,chicken-chick-hair-claw,2
Christian Faith Hair Claw Clip,Hair Claw,christian-faith-hair-claw,3
Christmas Tree Hair Claw,Hair Claw,christmas-tree-hair-claw,36
Coffee Cup Hair Claw,Hair Claw,coffee-cup-hair-clip,24
Country Skies Hair Claw,Hair Claw,country-skies-hair-claw,1
"Cow Print Hair Claw 4""",Hair Claw,cow-print-hair-claw,24
Cow Print Hair Claw OPEN,Hair Claw,cow-print-hair-claw-4-open-style,24
Crabby in Love Hair Claw,Hair Claw,crabby-in-love-crab-hair-claw,1
Curious Cats Hair Claw,Hair Claw,curious-cats-hair-claw,1
Daffodil Hair Claw,Hair Claw,daffodil-hair-claw,2
Daisy Hair Claw,Hair Claw,daisy-hair-claw,24
Daisy Handcrafted Wooden Hair Claw,Hair Claw,crazy-about-daisies-hair-claw,1
Dolphin Splash Hair Claw,Hair Claw,dolphin-splash-hair-claw,1
Every Paw Matters Hair Claw,Hair Claw,every-paw-matters-hair-claw,1
Family Tree Hair Claw,Hair Claw,family-tree-hair-claw,2
"Flamingo Vibes Hair Claws 4""",Hair Claw,flamingo-vibes-hair-claws-4,1
Floral Dental Hygienist Hair Claw clip,Hair Claw,dental-hair-claw-clip,3
Floral Nurse Hair Claw Clip,Hair Claw,floral-nurse-hair-claw,48
Floral Scene Hair Claw,Hair Claw,floral-scene-hair-claw,36
"Freebird Hair Claw 4""",Hair Claw,freebird-hair-claw,12
Funny Birds Hair Claw,Hair Claw,funny-birds-hair-claw,12
Giraffe Kisses Hair Claw,Hair Claw,giraffe-kisses-giraffe-hair-claw,1
"Golden Love Hair Claw 4""",Hair Claw,golden-love-hair-claw-4,1
Happy Cow Hair Claw,Hair Claw,happy-cow-hair-claw,4
Highland Cow Hair Claw,Hair Claw,highland-cow-hair-claw,48
Honey Bee Hair Claw,Hair Claw,honey-bee-hair-claw,1
I Know A Name Jesus Hair Claw,Hair Claw,i-know-a-name-jesus-hair-claw,2
Leopard Print Hair Claw,Hair Claw,leopard-print-hair-claw,2
Magnolia Flower Hair Claw,Hair Claw,magnolia-flower-hair-claw,3
Mandala Hair Claw,Hair Claw,mandala-hair-claw,36
Merry and Bright Hair Claw,Hair Claw,merry-and-bright-hair-claw,1
Nordic Christmas HaIr Claw,Hair Claw,nordic-christmas-hair-claw,24
Ocean Waves/Seagull Hair Claw,Hair Claw,seagull-hair-claw,2
Paisley Hair Claw,Hair Claw,paisley-hair-claw,24
Paw Prints in the Sand Hair Claw,Hair Claw,paw-prints-in-the-sand-hair-claw,1
Paws Hair Claw,Hair Claw,paws-hair-claw,2
Petal Patch Hair Claw,Hair Claw,petal-patch-hair-claw,2
Pirate's Treasure Hair Claw,Hair Claw,pirates-treasure-hair-claw,1
Plant Mama Hair Claw,Hair Claw,plant-mama-hair-claw,2
"Playful Cat Hair Claw 4""",Hair Claw,playful-cat-hair-claw,12
"Puppy Love Hair Claw 4""",Hair Claw,puppy-love-dog-hair-claw,1
Rose Hair Claw Clip,Hair Claw,rose-hair-claw-clip,2
Rustic Highland Cow Duo Hair Claw,Hair Claw,rustic-highland-cow-hair-claw,2
School of Fish Hair Claw,Hair Claw,school-of-fish-hair-claw,12
Seashell Hair Claw,Hair Claw,scalloped-beach-hair-claw,12
"Stack of Books Hair Claw 4""",Hair Claw,stack-of-books-hair-claw,2
Star of Life Hair Claw,Hair Claw,star-of-life-hair-claw,1
Sunflower Artsy Hair Claw,Hair Claw,sunflower-artsy-hair-claw,2
Sunflower Hair Claw,Hair Claw,sunflower-hair-claw,3
"Sunflower Skull Hair Claw 4""",Hair Claw,sunflower-skull-hair-claw,1
Sunflower Trio Hair Claw,Hair Claw,sunflower-trio-hair-claw,4
"Sweet Heat Hair Claw 4""",Hair Claw,sweet-heat-hair-claw-4,1
Teacher Hair Claw,Hair Claw,teacher-hair-claw,1
Tiki Time Hair Claw,Hair Claw,tiki-time-tropical-hair-claw,1
"Trail Blazer Hair Claw 4""",Hair Claw,trail-blazer-hair-claw-4,1
Trees Hair Claw Clips,Hair Claw,trees-hair-claw-clips,12
Turtle Hair Claw,Hair Claw,turtle-hair-claw,1
Cowgirl Heart Boot Dangles,Jewelry & Watches,cowgirl-heart-boot-dangles,4
Autumn Studs,Stud Earrings,autumn-stud-earring-set,1
Baseball Stud Earrings,Stud Earrings,baseball-stud-earrings,1
Basketball Stud Earrings,Stud Earrings,basketball-stud-earrings,1
Daffodil Stud Earrings,Stud Earrings,daffodil-stud-earrings,2
Elf Stud Earrings,Stud Earrings,elf-stud-earrings,1
Four Leaf Clover Stud Earrings,Stud Earrings,four-leaf-clover-stud-earrings,1
Green Monster Stud Earrings,Stud Earrings,grinch-stud-earrings,1
Happy Hearts Stud Earrings,Stud Earrings,happy-hearts-stud-earrings,1
Holly Stud Earrings,Stud Earrings,holly-stud-earrings,1
Kettlebell Stud Earrings,Stud Earrings,kettlebell-stud-earrings,2
Medical Stud Earrings,Stud Earrings,medical-stud-earrings,4
Pirate Skull & Cross Bone Stud Earrings,Stud Earrings,pirate-skull-crossbones-stud-earrings,1
Red Lip Studs,Stud Earrings,red-lip-studs,1
Sand Dollar Studs,Stud Earrings,sand-dollar-studs,1
Santa Belt Stud Earrings,Stud Earrings,santa-belt-stud-earrings,1
Santa Hat Stud Earrings,Stud Earrings,santa-hat-stud-earrings,1
Santa Stud Earrings,Stud Earrings,santa-stud-earrings,1
Strawberry Studs,Stud Earrings,strawberry-studs,1
Striped Pumpkin Studs,Stud Earrings,striped-pumpkin-studs,1
Sun Stud Earrings,Stud Earrings,sun-stud-earrings,1
Wood Heart Stud Earrings,Stud Earrings,heart-stud-earrings,6
Farmhouse Barn Dangle Earrings,Uncategorized,farmhouse-barn-dangle-earrings,3
Floral Cross Dangle Earrings,Uncategorized,floral-cross-dangle-earrings,1
Goat Hi,Uncategorized,daffodil-hi-round-sign-copy,1
Round Medallion Cutout Earring,Uncategorized,round-medallion-cutout-earring,1
Top Down Hair Claws,Uncategorized,jeep-hair-claws,2
Welcome Succas Door Hanger Sign,Uncategorized,welcome-succas-novelty-sign,1
