group,title,handle,product_type,variant_count,sku_count,representative_skus,reason
core,Highland Cow Hair Claw,highland-cow-hair-claw,Hair Claw,48,48,38309-4-CREAM | 38309-P4-CREAM | 38309-4-SKY-BL | 38309-4-OCEAN-BL | …,Hero hair claw with the complete size and base-color choice
core,Seashell Hair Claw,scalloped-beach-hair-claw,Hair Claw,12,12,38258-CREAM | 38258-SKY-BL | 38258-OCEAN-BL | 38258-MINT | …,Coastal design with the complete base-color choice
core,Sunflower Hair Claw,sunflower-hair-claw,Hair Claw,3,3,38312-N4 | 38312-CBC4 | 38312-N2,Strong Rustic Halo floral motif
core,Paws Hair Claw,paws-hair-claw,Hair Claw,2,2,38307-B4 | 38307-B2,Evergreen pet-gift design
core,Plant Mama Hair Claw,plant-mama-hair-claw,Hair Claw,2,2,38543-2 | 38542,Evergreen plant-lover gift design
core,Teacher Hair Claw,teacher-hair-claw,Hair Claw,1,1,38654,Clear occupation-gift design
core,Christian Faith Hair Claw Clip,christian-faith-hair-claw,Hair Claw,3,3,38511-4 | 38511-CBC4 | 38511-2,Faith category representation
core,Happy Cow Hair Claw,happy-cow-hair-claw,Hair Claw,4,4,38546-2 | 38546-CBC2 | 38546-4 | 38546-CBC4,Farmhouse and cow motif
core,Rose Hair Claw Clip,rose-hair-claw-clip,Hair Claw,2,2,37163 | 37164,Classic floral design
seasonal,Autumn Leaf Claw Clip,autumn-leaf-claw-clip,Hair Claw,1,1,38367,Current fall seasonal product
core,Floral Cross Dangle Earrings,floral-cross-dangle-earrings,Uncategorized,1,1,38425,Faith and floral earring design
core,Cowboy Boot Earrings,cowboy-boot-earrings,Dangle Earrings,2,2,38070-TB | 38070-B,Western category representation
core,Honey Bee and Comb Dangle Earrings,honey-comb-with-honey-bee-hanging-earrings,Dangle Earrings,1,1,37542,Bee and garden motif
core,Monstera Leaf Earrings,monstera-leaf-earrings,Dangle Earrings,1,1,37928-LG,Plant and botanical motif
core,Sand Dollar Earrings,sand-dollar-earrings,Drop Earrings,1,1,37919,Coastal category representation
core,Sunflower Dangle Earrings,sunflower-dangle-earrings,Dangle,2,2,37910-Y | 37910-O,Coordinates with the sunflower claw
core,Floral Wood Earrings,floral-wood-earrings,Drop Earrings,1,1,38045,Simple floral wood style
seasonal,Autumn in the Air Dangle Earrings,autumn-in-the-air-dangle-earrings,Dangle Earrings,1,1,DE38738,Current fall seasonal product
core,Baseball Stud Earrings,baseball-stud-earrings,Stud Earrings,1,1,2918677700,Sports category representation
core,Medical Stud Earrings,medical-stud-earrings,Stud Earrings,4,4,38305-N | 38305-A | 38305-RX | 38305-S,Occupation-gift category
core,Wood Heart Stud Earrings,heart-stud-earrings,Stud Earrings,6,6,37584-WG | 37584-R | 37584-A | 37584-S | …,Evergreen heart design
seasonal,Striped Pumpkin Studs,striped-pumpkin-studs,Stud Earrings,1,1,38081,Current fall seasonal product
seasonal,Floral Ghost Dangle Earrings,floral-ghost-dangle-earrings,Dangle Earrings,1,1,38093,Current Halloween seasonal product
seasonal,Falling Leaves Dangle Earrings,falling-leaves-dangle-earrings,Dangle Earrings,1,1,38095,Current fall seasonal product
